VISITING,HOME,WEEK,DATE,TIME,TV,Bye
Green Bay,Seattle,1,9/4/14,8:30 PM,NBC,
New Orleans,Atlanta,1,9/7/14,1:00 PM,FOX,
Buffalo,Chicago,1,9/7/14,1:00 PM,FOX,
Tennessee,Kansas City,1,9/7/14,1:00 PM,CBS,
Minnesota,St. Louis,1,9/7/14,1:00 PM,FOX,
New England,Miami,1,9/7/14,1:00 PM,CBS,
Oakland,NY Jets,1,9/7/14,1:00 PM,CBS,
Jacksonville,Philadelphia,1,9/7/14,1:00 PM,CBS,
Cleveland,Pittsburgh,1,9/7/14,1:00 PM,CBS,
Cincinnati,Baltimore,1,9/7/14,1:00 PM,CBS,
Washington,Houston,1,9/7/14,1:00 PM,FOX,
San Francisco,Dallas,1,9/7/14,4:25 PM,FOX,
Carolina,Tampa Bay,1,9/7/14,4:25 PM,FOX,
Indianapolis,Denver,1,9/7/14,8:30 PM,NBC,
NY Giants,Detroit,1,9/8/14,7:10 PM,ESPN,
San Diego,Arizona,1,9/8/14,10:20 PM,ESPN,
Pittsburgh,Baltimore,2,9/11/14,8:25 PM,CBS,
Miami,Buffalo,2,9/14/14,1:00 PM,CBS,
Atlanta,Cincinnati,2,9/14/14,1:00 PM,CBS,
New Orleans,Cleveland,2,9/14/14,1:00 PM,FOX,
Dallas,Tennessee,2,9/14/14,1:00 PM,FOX,
New England,Minnesota,2,9/14/14,1:00 PM,CBS,
Arizona,NY Giants,2,9/14/14,1:00 PM,FOX,
Jacksonville,Washington,2,9/14/14,1:00 PM,CBS,
Detroit,Carolina,2,9/14/14,1:00 PM,FOX,
Seattle,San Diego,2,9/14/14,4:05 PM,FOX,
St. Louis,Tampa Bay,2,9/14/14,4:05 PM,FOX,
Kansas City,Denver,2,9/14/14,4:25 PM,CBS,
NY Jets,Green Bay,2,9/14/14,4:25 PM,CBS,
Houston,Oakland,2,9/14/14,4:25 PM,CBS,
Chicago,San Francisco,2,9/14/14,8:30 PM,NBC,
Philadelphia,Indianapolis,2,9/15/14,8:30 PM,ESPN,
Tampa Bay,Atlanta,3,9/18/14,8:25 PM,CBS,
San Diego,Buffalo,3,9/21/14,1:00 PM,CBS,
Tennessee,Cincinnati,3,9/21/14,1:00 PM,CBS,
Baltimore,Cleveland,3,9/21/14,1:00 PM,CBS,
Green Bay,Detroit,3,9/21/14,1:00 PM,FOX,
Dallas,St. Louis,3,9/21/14,1:00 PM,FOX,
Oakland,New England,3,9/21/14,1:00 PM,CBS,
Minnesota,New Orleans,3,9/21/14,1:00 PM,FOX,
Houston,NY Giants,3,9/21/14,1:00 PM,CBS,
Washington,Philadelphia,3,9/21/14,1:00 PM,FOX,
Indianapolis,Jacksonville,3,9/21/14,1:00 PM,CBS,
San Francisco,Arizona,3,9/21/14,4:05 PM,FOX,
Kansas City,Miami,3,9/21/14,4:25 PM,CBS,
Denver,Seattle,3,9/21/14,4:25 PM,CBS,
Pittsburgh,Carolina,3,9/21/14,8:30 PM,NBC,
Chicago,NY Jets,3,9/22/14,8:30 PM,ESPN,
NY Giants,Washington,4,9/25/14,8:25 PM,CBS,
Green Bay,Chicago,4,9/28/14,1:00 PM,FOX,
Tennessee,Indianapolis,4,9/28/14,1:00 PM,CBS,
Miami,Oakland,4,9/28/14,1:00 PM,CBS,
Detroit,NY Jets,4,9/28/14,1:00 PM,FOX,
Tampa Bay,Pittsburgh,4,9/28/14,1:00 PM,FOX,
Carolina,Baltimore,4,9/28/14,1:00 PM,CBS,
Buffalo,Houston,4,9/28/14,1:00 PM,CBS,
Jacksonville,San Diego,4,9/28/14,4:05 PM,CBS,
Atlanta,Minnesota,4,9/28/14,4:25 PM,FOX,
Philadelphia,San Francisco,4,9/28/14,4:25 PM,FOX,
New Orleans,Dallas,4,9/28/14,8:30 PM,NBC,
New England,Kansas City,4,9/29/14,8:30 PM,ESPN,
Minnesota,Green Bay,5,10/2/14,8:25 PM,CBS,
Houston,Dallas,5,10/5/14,1:00 PM,CBS,
Buffalo,Detroit,5,10/5/14,1:00 PM,FOX,
Cleveland,Tennessee,5,10/5/14,1:00 PM,CBS,
Baltimore,Indianapolis,5,10/5/14,1:00 PM,CBS,
Tampa Bay,New Orleans,5,10/5/14,1:00 PM,FOX,
Atlanta,NY Giants,5,10/5/14,1:00 PM,FOX,
St. Louis,Philadelphia,5,10/5/14,1:00 PM,FOX,
Chicago,Carolina,5,10/5/14,1:00 PM,FOX,
Pittsburgh,Jacksonville,5,10/5/14,1:00 PM,CBS,
Arizona,Denver,5,10/5/14,4:05 PM,FOX,
NY Jets,San Diego,5,10/5/14,4:25 PM,CBS,
Kansas City,San Francisco,5,10/5/14,4:25 PM,CBS,
Cincinnati,New England,5,10/5/14,8:30 PM,NBC,
Seattle,Washington,5,10/6/14,8:30 PM,ESPN,
Indianapolis,Houston,6,10/9/14,8:25 PM,CBS,
Chicago,Atlanta,6,10/12/14,1:00 PM,FOX,
New England,Buffalo,6,10/12/14,1:00 PM,CBS,
Carolina,Cincinnati,6,10/12/14,1:00 PM,FOX,
Pittsburgh,Cleveland,6,10/12/14,1:00 PM,CBS,
Jacksonville,Tennessee,6,10/12/14,1:00 PM,CBS,
Green Bay,Miami,6,10/12/14,1:00 PM,FOX,
Detroit,Minnesota,6,10/12/14,1:00 PM,FOX,
Denver,NY Jets,6,10/12/14,1:00 PM,CBS,
Baltimore,Tampa Bay,6,10/12/14,1:00 PM,CBS,
San Diego,Oakland,6,10/12/14,4:05 PM,CBS,
Washington,Arizona,6,10/12/14,4:25 PM,FOX,
Dallas,Seattle,6,10/12/14,4:25 PM,FOX,
NY Giants,Philadelphia,6,10/12/14,8:30 PM,NBC,
San Francisco,St. Louis,6,10/13/14,8:30 PM,ESPN,
NY Jets,New England,7,10/16/14,8:25 PM,CBS,
Minnesota,Buffalo,7,10/19/14,1:00 PM,FOX,
Miami,Chicago,7,10/19/14,1:00 PM,CBS,
New Orleans,Detroit,7,10/19/14,1:00 PM,FOX,
Carolina,Green Bay,7,10/19/14,1:00 PM,FOX,
Cincinnati,Indianapolis,7,10/19/14,1:00 PM,CBS,
Seattle,St. Louis,7,10/19/14,1:00 PM,FOX,
Tennessee,Washington,7,10/19/14,1:00 PM,CBS,
Cleveland,Jacksonville,7,10/19/14,1:00 PM,CBS,
Atlanta,Baltimore,7,10/19/14,1:00 PM,FOX,
Kansas City,San Diego,7,10/19/14,4:05 PM,CBS,
NY Giants,Dallas,7,10/19/14,4:25 PM,FOX,
Arizona,Oakland,7,10/19/14,4:25 PM,FOX,
San Francisco,Denver,7,10/19/14,8:30 PM,NBC,
Houston,Pittsburgh,7,10/20/14,8:30 PM,ESPN,
San Diego,Denver,8,10/23/14,8:25 PM,CBS,
Detroit,Atlanta,8,10/26/14,9:30 AM,FOX,
Baltimore,Cincinnati,8,10/26/14,1:00 PM,CBS,
Houston,Tennessee,8,10/26/14,1:00 PM,FOX,
St. Louis,Kansas City,8,10/26/14,1:00 PM,FOX,
Chicago,New England,8,10/26/14,1:00 PM,FOX,
Buffalo,NY Jets,8,10/26/14,1:00 PM,CBS,
Minnesota,Tampa Bay,8,10/26/14,1:00 PM,FOX,
Seattle,Carolina,8,10/26/14,1:00 PM,CBS,
Miami,Jacksonville,8,10/26/14,1:00 PM,CBS,
Philadelphia,Arizona,8,10/26/14,4:05 PM,FOX,
Oakland,Cleveland,8,10/26/14,4:25 PM,CBS,
Indianapolis,Pittsburgh,8,10/26/14,4:25 PM,CBS,
Green Bay,New Orleans,8,10/26/14,8:30 PM,NBC,
Washington,Dallas,8,10/27/14,8:30 PM,ESPN,
New Orleans,Carolina,9,10/30/14,8:25 PM,NFL,
Jacksonville,Cincinnati,9,11/2/14,1:00 PM,CBS,
Tampa Bay,Cleveland,9,11/2/14,1:00 PM,FOX,
Arizona,Dallas,9,11/2/14,1:00 PM,FOX,
NY Jets,Kansas City,9,11/2/14,1:00 PM,CBS,
San Diego,Miami,9,11/2/14,1:00 PM,CBS,
Washington,Minnesota,9,11/2/14,1:00 PM,FOX,
Philadelphia,Houston,9,11/2/14,1:00 PM,FOX,
St. Louis,San Francisco,9,11/2/14,4:05 PM,FOX,
Denver,New England,9,11/2/14,4:25 PM,CBS,
Oakland,Seattle,9,11/2/14,4:25 PM,CBS,
Baltimore,Pittsburgh,9,11/2/14,8:30 PM,NBC,
Indianapolis,NY Giants,9,11/3/14,8:30 PM,ESPN,
Cleveland,Cincinnati,10,11/6/14,8:25 PM,NFL,
Kansas City,Buffalo,10,11/9/14,1:00 PM,CBS,
Miami,Detroit,10,11/9/14,1:00 PM,CBS,
San Francisco,New Orleans,10,11/9/14,1:00 PM,FOX,
Pittsburgh,NY Jets,10,11/9/14,1:00 PM,CBS,
Atlanta,Tampa Bay,10,11/9/14,1:00 PM,FOX,
Dallas,Jacksonville,10,11/9/14,1:00 PM,FOX,
Tennessee,Baltimore,10,11/9/14,1:00 PM,CBS,
Denver,Oakland,10,11/9/14,4:05 PM,CBS,
St. Louis,Arizona,10,11/9/14,4:25 PM,FOX,
NY Giants,Seattle,10,11/9/14,4:25 PM,FOX,
Chicago,Green Bay,10,11/9/14,8:30 PM,NBC,
Carolina,Philadelphia,10,11/10/14,8:30 PM,ESPN,
Buffalo,Miami,11,11/13/14,8:25 PM,NFL,
Minnesota,Chicago,11,11/16/14,1:00 PM,FOX,
Houston,Cleveland,11,11/16/14,1:00 PM,CBS,
Philadelphia,Green Bay,11,11/16/14,1:00 PM,FOX,
Seattle,Kansas City,11,11/16/14,1:00 PM,FOX,
Denver,St. Louis,11,11/16/14,1:00 PM,CBS,
Cincinnati,New Orleans,11,11/16/14,1:00 PM,CBS,
San Francisco,NY Giants,11,11/16/14,1:00 PM,FOX,
Tampa Bay,Washington,11,11/16/14,1:00 PM,FOX,
Atlanta,Carolina,11,11/16/14,1:00 PM,FOX,
Oakland,San Diego,11,11/16/14,4:05 PM,CBS,
Detroit,Arizona,11,11/16/14,4:25 PM,FOX,
New England,Indianapolis,11,11/16/14,8:30 PM,NBC,
Pittsburgh,Tennessee,11,11/17/14,8:30 PM,ESPN,
Kansas City,Oakland,12,11/20/14,8:25 PM,NFL,
Cleveland,Atlanta,12,11/23/14,1:00 PM,CBS,
NY Jets,Buffalo,12,11/23/14,1:00 PM,CBS,
Tampa Bay,Chicago,12,11/23/14,1:00 PM,FOX,
Jacksonville,Indianapolis,12,11/23/14,1:00 PM,CBS,
Green Bay,Minnesota,12,11/23/14,1:00 PM,FOX,
Detroit,New England,12,11/23/14,1:00 PM,FOX,
Tennessee,Philadelphia,12,11/23/14,1:00 PM,CBS,
Cincinnati,Houston,12,11/23/14,1:00 PM,CBS,
St. Louis,San Diego,12,11/23/14,4:05 PM,FOX,
Arizona,Seattle,12,11/23/14,4:05 PM,FOX,
Miami,Denver,12,11/23/14,4:25 PM,CBS,
Washington,San Francisco,12,11/23/14,4:25 PM,CBS,
Dallas,NY Giants,12,11/23/14,8:30 PM,NBC,
Baltimore,New Orleans,12,11/24/14,8:30 PM,ESPN,
Chicago,Detroit,13,11/27/14,12:30 PM,CBS,
Philadelphia,Dallas,13,11/27/14,4:30 PM,FOX,
Seattle,San Francisco,13,11/27/14,8:30 PM,NBC,
Cleveland,Buffalo,13,11/30/14,1:00 PM,CBS,
Washington,Indianapolis,13,11/30/14,1:00 PM,FOX,
Oakland,St. Louis,13,11/30/14,1:00 PM,CBS,
Carolina,Minnesota,13,11/30/14,1:00 PM,FOX,
New Orleans,Pittsburgh,13,11/30/14,1:00 PM,FOX,
Cincinnati,Tampa Bay,13,11/30/14,1:00 PM,CBS,
NY Giants,Jacksonville,13,11/30/14,1:00 PM,FOX,
San Diego,Baltimore,13,11/30/14,1:00 PM,CBS,
Tennessee,Houston,13,11/30/14,1:00 PM,CBS,
Arizona,Atlanta,13,11/30/14,4:05 PM,FOX,
New England,Green Bay,13,11/30/14,4:25 PM,CBS,
Denver,Kansas City,13,11/30/14,8:30 PM,NBC,
Miami,NY Jets,13,12/1/14,8:30 PM,ESPN,
Dallas,Chicago,14,12/4/14,8:25 PM,NFL,
Pittsburgh,Cincinnati,14,12/7/14,1:00 PM,CBS,
Indianapolis,Cleveland,14,12/7/14,1:00 PM,CBS,
Tampa Bay,Detroit,14,12/7/14,1:00 PM,FOX,
NY Giants,Tennessee,14,12/7/14,1:00 PM,FOX,
Baltimore,Miami,14,12/7/14,1:00 PM,CBS,
NY Jets,Minnesota,14,12/7/14,1:00 PM,CBS,
Carolina,New Orleans,14,12/7/14,1:00 PM,FOX,
St. Louis,Washington,14,12/7/14,1:00 PM,FOX,
Houston,Jacksonville,14,12/7/14,1:00 PM,CBS,
Buffalo,Denver,14,12/7/14,4:05 PM,CBS,
Kansas City,Arizona,14,12/7/14,4:05 PM,CBS,
San Francisco,Oakland,14,12/7/14,4:25 PM,FOX,
Seattle,Philadelphia,14,12/7/14,4:25 PM,FOX,
New England,San Diego,14,12/7/14,8:30 PM,NBC,
Atlanta,Green Bay,14,12/8/14,8:30 PM,ESPN,
Arizona,St. Louis,15,12/11/14,8:25 PM,NFL,
Pittsburgh,Atlanta,15,12/14/14,1:00 PM,CBS,
Green Bay,Buffalo,15,12/14/14,1:00 PM,FOX,
Cincinnati,Cleveland,15,12/14/14,1:00 PM,CBS,
Minnesota,Detroit,15,12/14/14,1:00 PM,FOX,
Houston,Indianapolis,15,12/14/14,1:00 PM,CBS,
Oakland,Kansas City,15,12/14/14,1:00 PM,CBS,
Miami,New England,15,12/14/14,1:00 PM,CBS,
Washington,NY Giants,15,12/14/14,1:00 PM,FOX,
Tampa Bay,Carolina,15,12/14/14,1:00 PM,FOX,
Jacksonville,Baltimore,15,12/14/14,1:00 PM,CBS,
NY Jets,Tennessee,15,12/14/14,4:05 PM,CBS,
Denver,San Diego,15,12/14/14,4:05 PM,CBS,
San Francisco,Seattle,15,12/14/14,4:25 PM,FOX,
Dallas,Philadelphia,15,12/14/14,8:30 PM,NBC,
New Orleans,Chicago,15,12/15/14,8:30 PM,ESPN,
Tennessee,Jacksonville,16,12/18/14,8:25 PM,NFL,
San Diego,San Francisco,16,12/20/14,4:00 PM,CBS,
Philadelphia,Washington,16,12/20/14,1:00 PM,CBS,
Detroit,Chicago,16,12/21/14,1:00 PM,FOX,
Minnesota,Miami,16,12/21/14,1:00 PM,FOX,
Atlanta,New Orleans,16,12/21/14,1:00 PM,FOX,
New England,NY Jets,16,12/21/14,1:00 PM,CBS,
Kansas City,Pittsburgh,16,12/21/14,1:00 PM,CBS,
Green Bay,Tampa Bay,16,12/21/14,1:00 PM,FOX,
Cleveland,Carolina,16,12/21/14,1:00 PM,CBS,
Baltimore,Houston,16,12/21/14,1:00 PM,CBS,
NY Giants,St. Louis,16,12/21/14,4:05 PM,FOX,
Indianapolis,Dallas,16,12/21/14,4:25 PM,CBS,
Buffalo,Oakland,16,12/21/14,4:25 PM,CBS,
Seattle,Arizona,16,12/21/14,8:30 PM,NBC,
Denver,Cincinnati,16,12/22/14,8:30 PM,ESPN,
Carolina,Atlanta,17,12/28/14,1:00 PM,FOX,
Detroit,Green Bay,17,12/28/14,1:00 PM,FOX,
Indianapolis,Tennessee,17,12/28/14,1:00 PM,CBS,
San Diego,Kansas City,17,12/28/14,1:00 PM,CBS,
NY Jets,Miami,17,12/28/14,1:00 PM,CBS,
Chicago,Minnesota,17,12/28/14,1:00 PM,FOX,
Buffalo,New England,17,12/28/14,1:00 PM,CBS,
Philadelphia,NY Giants,17,12/28/14,1:00 PM,FOX,
Cincinnati,Pittsburgh,17,12/28/14,1:00 PM,CBS,
New Orleans,Tampa Bay,17,12/28/14,1:00 PM,FOX,
Dallas,Washington,17,12/28/14,1:00 PM,FOX,
Cleveland,Baltimore,17,12/28/14,1:00 PM,CBS,
Jacksonville,Houston,17,12/28/14,1:00 PM,CBS,
Oakland,Denver,17,12/28/14,4:25 PM,CBS,
Arizona,San Francisco,17,12/28/14,4:25 PM,FOX,
St. Louis,Seattle,17,12/28/14,4:25 PM,FOX,
